grp_Rayleigh_fu_311.grp_seedInitialization_fu_40.grp_seedInitialization_Pipeline_SEED_INIT_LOOP_fu_94,SEED_INIT_LOOP,upc_loop_status1.csv
grp_Rayleigh_fu_311.grp_Rayleigh_Pipeline_VITIS_LOOP_28_1_VITIS_LOOP_29_2_fu_54,VITIS_LOOP_28_1_VITIS_LOOP_29_2,upc_loop_status2.csv
grp_Rayleigh_fu_311.grp_Rayleigh_Pipeline_VITIS_LOOP_39_3_VITIS_LOOP_40_4_fu_66,VITIS_LOOP_39_3_VITIS_LOOP_40_4,upc_loop_status3.csv
grp_Rayleigh_fu_311.grp_Rayleigh_Pipeline_VITIS_LOOP_67_6_fu_74,VITIS_LOOP_67_6,upc_loop_status4.csv
grp_AWGN_fu_319,VITIS_LOOP_17_1,pp_loop_status1.csv
grp_AWGN_fu_319.grp_seedInitialization_fu_432.grp_seedInitialization_Pipeline_SEED_INIT_LOOP_fu_94,SEED_INIT_LOOP,upc_loop_status5.csv
grp_TOP_Pipeline_VITIS_LOOP_482_2_VITIS_LOOP_483_3_fu_325,VITIS_LOOP_482_2_VITIS_LOOP_483_3,upc_loop_status6.csv
grp_TOP_Pipeline_VITIS_LOOP_488_4_fu_346,VITIS_LOOP_488_4,upc_loop_status7.csv
grp_TOP_Pipeline_VITIS_LOOP_492_5_VITIS_LOOP_493_6_fu_352,VITIS_LOOP_492_5_VITIS_LOOP_493_6,upc_loop_status8.csv
grp_QRD_fu_389,VITIS_LOOP_132_1,seq_loop_status1.csv
grp_QRD_fu_389,VITIS_LOOP_145_2,seq_loop_status2.csv
grp_QRD_fu_389,VITIS_LOOP_180_3,seq_loop_status3.csv
grp_QRD_fu_389,VITIS_LOOP_214_4,seq_loop_status4.csv
grp_QRD_fu_389,VITIS_LOOP_267_7,seq_loop_status5.csv
grp_QRD_fu_389.grp_CORDIC_V_fu_3293,VITIS_LOOP_91_1,seq_loop_status6.csv
grp_QRD_fu_389.grp_CORDIC_V_fu_3293.grp_CORDIC_V_Pipeline_VITIS_LOOP_94_2_fu_173,VITIS_LOOP_94_2,upc_loop_status9.csv
grp_QRD_fu_389.grp_CORDIC_R_fu_3308,VITIS_LOOP_29_1,seq_loop_status7.csv
grp_QRD_fu_389.grp_CORDIC_R_fu_3308.grp_CORDIC_R_Pipeline_VITIS_LOOP_32_2_fu_157,VITIS_LOOP_32_2,upc_loop_status10.csv
grp_QRD_fu_389.grp_CORDIC_R_fu_3326,VITIS_LOOP_29_1,seq_loop_status8.csv
grp_QRD_fu_389.grp_CORDIC_R_fu_3326.grp_CORDIC_R_Pipeline_VITIS_LOOP_32_2_fu_157,VITIS_LOOP_32_2,upc_loop_status11.csv
grp_QRD_fu_389.grp_CORDIC_R_fu_3335,VITIS_LOOP_29_1,seq_loop_status9.csv
grp_QRD_fu_389.grp_CORDIC_R_fu_3335.grp_CORDIC_R_Pipeline_VITIS_LOOP_32_2_fu_157,VITIS_LOOP_32_2,upc_loop_status12.csv
grp_QRD_fu_389.grp_CORDIC_R_fu_3344,VITIS_LOOP_29_1,seq_loop_status10.csv
grp_QRD_fu_389.grp_CORDIC_R_fu_3344.grp_CORDIC_R_Pipeline_VITIS_LOOP_32_2_fu_157,VITIS_LOOP_32_2,upc_loop_status13.csv
grp_QRD_fu_389.grp_CORDIC_R_fu_3353,VITIS_LOOP_29_1,seq_loop_status11.csv
grp_QRD_fu_389.grp_CORDIC_R_fu_3353.grp_CORDIC_R_Pipeline_VITIS_LOOP_32_2_fu_157,VITIS_LOOP_32_2,upc_loop_status14.csv
grp_QRD_fu_389.grp_CORDIC_R_fu_3362,VITIS_LOOP_29_1,seq_loop_status12.csv
grp_QRD_fu_389.grp_CORDIC_R_fu_3362.grp_CORDIC_R_Pipeline_VITIS_LOOP_32_2_fu_157,VITIS_LOOP_32_2,upc_loop_status15.csv
grp_QRD_fu_389.grp_QRD_Pipeline_VITIS_LOOP_268_8_fu_3539,VITIS_LOOP_268_8,upc_loop_status16.csv
grp_QRD_fu_389.grp_QRD_Pipeline_VITIS_LOOP_316_9_VITIS_LOOP_317_10_fu_3674,VITIS_LOOP_316_9_VITIS_LOOP_317_10,upc_loop_status17.csv
grp_TOP_Pipeline_VITIS_LOOP_433_1_fu_445,VITIS_LOOP_433_1,upc_loop_status18.csv
grp_KBEST_fu_461,VITIS_LOOP_371_4,seq_loop_status13.csv
grp_KBEST_fu_461,VITIS_LOOP_352_2,seq_loop_status14.csv
grp_KBEST_fu_461.grp_KBEST_Pipeline_VITIS_LOOP_347_1_fu_939,VITIS_LOOP_347_1,upc_loop_status19.csv
grp_KBEST_fu_461.grp_KBEST_Pipeline_VITIS_LOOP_364_3_fu_947,VITIS_LOOP_364_3,upc_loop_status20.csv
grp_KBEST_fu_461.grp_KBEST_Pipeline_VITIS_LOOP_420_10_fu_1009,VITIS_LOOP_420_10,upc_loop_status21.csv
grp_KBEST_fu_461.grp_KBEST_Pipeline_VITIS_LOOP_373_5_fu_1016,VITIS_LOOP_373_5,upc_loop_status22.csv
grp_KBEST_fu_461.grp_KBEST_Pipeline_VITIS_LOOP_391_6_VITIS_LOOP_392_7_fu_1058,VITIS_LOOP_391_6_VITIS_LOOP_392_7,upc_loop_status23.csv
