,AESL_inst_TOP,,module_status1.csv
,grp_TOP_Pipeline_VITIS_LOOP_461_1_fu_303,,module_status2.csv
,grp_Rayleigh_fu_311,,module_status3.csv
grp_Rayleigh_fu_311,grp_seedInitialization_fu_40,,module_status4.csv
grp_Rayleigh_fu_311.grp_seedInitialization_fu_40,grp_seedInitialization_Pipeline_SEED_INIT_LOOP_fu_94,,module_status5.csv
grp_Rayleigh_fu_311,grp_Rayleigh_Pipeline_VITIS_LOOP_28_1_VITIS_LOOP_29_2_fu_54,,module_status6.csv
grp_Rayleigh_fu_311,grp_Rayleigh_Pipeline_VITIS_LOOP_39_3_VITIS_LOOP_40_4_fu_66,,module_status7.csv
grp_Rayleigh_fu_311,grp_Rayleigh_Pipeline_VITIS_LOOP_67_6_fu_74,,module_status8.csv
,grp_AWGN_fu_319,,module_status9.csv
grp_AWGN_fu_319,grp_seedInitialization_fu_432,,module_status10.csv
grp_AWGN_fu_319.grp_seedInitialization_fu_432,grp_seedInitialization_Pipeline_SEED_INIT_LOOP_fu_94,,module_status11.csv
,grp_TOP_Pipeline_VITIS_LOOP_482_2_VITIS_LOOP_483_3_fu_325,,module_status12.csv
,grp_TOP_Pipeline_VITIS_LOOP_488_4_fu_346,,module_status13.csv
,grp_TOP_Pipeline_VITIS_LOOP_492_5_VITIS_LOOP_493_6_fu_352,,module_status14.csv
,grp_QRD_fu_389,,module_status15.csv
grp_QRD_fu_389,grp_CORDIC_V_fu_3293,,module_status16.csv
grp_QRD_fu_389.grp_CORDIC_V_fu_3293,grp_CORDIC_V_Pipeline_VITIS_LOOP_94_2_fu_173,,module_status17.csv
grp_QRD_fu_389,grp_CORDIC_R_fu_3308,,module_status18.csv
grp_QRD_fu_389.grp_CORDIC_R_fu_3308,grp_CORDIC_R_Pipeline_VITIS_LOOP_32_2_fu_157,,module_status19.csv
grp_QRD_fu_389,grp_CORDIC_R_fu_3326,,module_status20.csv
grp_QRD_fu_389.grp_CORDIC_R_fu_3326,grp_CORDIC_R_Pipeline_VITIS_LOOP_32_2_fu_157,,module_status21.csv
grp_QRD_fu_389,grp_CORDIC_R_fu_3335,,module_status22.csv
grp_QRD_fu_389.grp_CORDIC_R_fu_3335,grp_CORDIC_R_Pipeline_VITIS_LOOP_32_2_fu_157,,module_status23.csv
grp_QRD_fu_389,grp_CORDIC_R_fu_3344,,module_status24.csv
grp_QRD_fu_389.grp_CORDIC_R_fu_3344,grp_CORDIC_R_Pipeline_VITIS_LOOP_32_2_fu_157,,module_status25.csv
grp_QRD_fu_389,grp_CORDIC_R_fu_3353,,module_status26.csv
grp_QRD_fu_389.grp_CORDIC_R_fu_3353,grp_CORDIC_R_Pipeline_VITIS_LOOP_32_2_fu_157,,module_status27.csv
grp_QRD_fu_389,grp_CORDIC_R_fu_3362,,module_status28.csv
grp_QRD_fu_389.grp_CORDIC_R_fu_3362,grp_CORDIC_R_Pipeline_VITIS_LOOP_32_2_fu_157,,module_status29.csv
grp_QRD_fu_389,grp_QRD_Pipeline_LOOP_01_fu_3374,,module_status30.csv
grp_QRD_fu_389,grp_QRD_Pipeline_LOOP_02_VITIS_LOOP_251_6_fu_3469,,module_status31.csv
grp_QRD_fu_389,grp_QRD_Pipeline_VITIS_LOOP_268_8_fu_3539,,module_status32.csv
grp_QRD_fu_389,grp_QRD_Pipeline_VITIS_LOOP_316_9_VITIS_LOOP_317_10_fu_3674,,module_status33.csv
,grp_TOP_Pipeline_VITIS_LOOP_433_1_fu_445,,module_status34.csv
,grp_KBEST_fu_461,,module_status35.csv
grp_KBEST_fu_461,grp_KBEST_Pipeline_1_fu_903,,module_status36.csv
grp_KBEST_fu_461,grp_KBEST_Pipeline_VITIS_LOOP_347_1_fu_939,,module_status37.csv
grp_KBEST_fu_461,grp_KBEST_Pipeline_VITIS_LOOP_364_3_fu_947,,module_status38.csv
grp_KBEST_fu_461,grp_KBEST_Pipeline_VITIS_LOOP_420_10_fu_1009,,module_status39.csv
grp_KBEST_fu_461,grp_KBEST_Pipeline_VITIS_LOOP_373_5_fu_1016,,module_status40.csv
grp_KBEST_fu_461,grp_KBEST_Pipeline_VITIS_LOOP_391_6_VITIS_LOOP_392_7_fu_1058,,module_status41.csv
grp_KBEST_fu_461,grp_KBEST_Pipeline_VITIS_LOOP_410_9_fu_1136,,module_status42.csv
